sequence,target,set,validation
MQYKLILNGKTLKGETTEAVDAATAEKVFKQYANDNGVDGEWTYDDATKTFTVTELEVLFQGPLDPNSMATYEVLCEVARKLGTDDREVVLFLLFIPQPTLAQLIGALRALKEERLTFPLLAECLFRAGRRDLLRLLHLDPRFLERHLAGTMSYFSPYQLTVHVDGELCARDIRSLIFLSKDTIGSSTPTFLHWVYCMNLDLLGPTDVDALMSMLRSLSRVDLQRQVQTLMGLHLSGPSHSQHYRHTPLEHHHHHH,1.0,test,
MQYKLILNGKTLKGETTTEAVDAATAEKVFKQANDNGIDGEWTYDATKTFTVTELEVLFQGPLDPNSMATYEVLCEVARKLGTDDREVVLFLLNVFIPQPTLAQLIGALRALKEEGRLTFPLACLFRAGRRDLLRLLHLDPRFLERHLAGTMSYFSPYQLTVLHVDGELCARDIRSLIFLSKDTIGSRSTPQTFLHWVYCMENLDLLGPTDVDALMSMLRSLSRVDLQRQVQTLMGLHLSGPSHSQHYRHTPLEHHHHHH,1.4459050863,test,
MYKLILNGKTLGETTTEAVDAATAEKFKQYANDNGLDGEWTYDDATKTFTVTELEVLFGPDPNSMATYEVLCEVARKLGTDDREVVFLLNVFIPQPTLAQLIGALRALKEEGRLTFPLLAECLFRAGRRDLLRDLLHLDPRFLERHLAGTMSYFPYQLTVLHVDGELCARDIRSLIFLSKDTGSRSTPQTFLHWVYCMENLDLLGPTDVDALMSMLSLSRVDLQRQVQTLMGLHLGPSHSQHYRHTPLEHHHHHH,1.69016355375,test,
MQYKLILNGKTLKGETTTEAVDATAEKVFKQYANDNGMDGEWTYDATKTFTVTELEVLFQGPLDPSMATYEVLCEVARKLGTDDREVVLFLLNVFIPQPTLAQLIGALRALKEEGRLTFPLLAECLFRAGRRDLLRDLLHDPRFLERHLAGTMSYFSPYQLTVLHVDELCADIRSLIFLSKDTIGSRSTPQTFLHWVYCMENLDLLGPTDVDALMSMLRSLSRVDLQRQVQTLMGLHLSGPSHSQHYHTPLEHHHHHH,1.17054988281,test,
MQYKLILNGKTLKGETTTEAVDAATAEKVFKQYANDNGVAGEWTYDDATKTFTVTELEVLFQGPLDPNSATYEVLCEVARKLGTDDEVVLFLLNVFIPQPTLAQLIGALRALKEEGRLTFPLLAECLFRAGRRLLRDLLHLDPRFLERHAGTMSYFSPQLTVLHVDGELCRDIRSLIFLSKDTIGSRSTPFLHWVYCMENLDLLGPTVDALMSMRSLSRVDLQRQVQTLMGLHLSGPSHSQHYRHTPLEHHHHHH,2.40124349574,test,
MQYKLILNGKTLKGETTTEAVDAATAEKVFKYANDNGCGEWTDDATKTFTVTELEVLFQGPLDPNSMATYEVLCEVARKLGTDDREVVLFLLNVFIPQPTLAQLIGALRALKEEGRLTFPLLAECLFRAGRRLLRDLLHLDPRFLERHLAGTMSYFSPYQLTVLHVDGELCADIRLIFLSKDTIGSRSTPQTFLHWVYCMENLDLLGPTDVDALMSMLRSSRVDLQRQVQTLMGLHLSGPSHSHYRHTPLEHHHHHH,1.83818718188,test,
MQYKLILNGKTLKGETTTEAVDAATAEKVFKQYANDNGVDGEWTYDDATKTFTATELEVLFQGPLDPNSMATYEVLCEVARKLGTDDREVVLFLLNVFIPQPTLAQLIGALRALEEGRLTFPLLAECLFRAGRRDLLRDLLHLDPRFLERHLAGTMSYFSPYQLTVLHVDGELCARDIRSLIFLSKDTIGSRSTPQTFLHWVYCMENLDLLGPTDVDALMSMLRSLSRVDLQRQVQTLMGLHLSPSHSQHYRHTPLEHHHHHH,1.37294933339,test,
MQYKLILGKTLKGETTTEAVDAATAEKVFKQYANDNGVDGEWTYDDATKTFTCTELEVLFQGPLDPNSMAYEVLCEVARKLGTDDREVVLFLLNVFIPQPTLAQLIGALRALKEEGRLFPLLAECLFRAGRRDLLRDLLHLDPRFLERHLAGTMSYSPYQLTVLHVDGELCARDIRSLIFLSKTIGSRSTPQTFLHWVYCMENLDLGPTDVDALMSMLRSLSRVDLQRQVQTLMGLHLSGPSHSQHYRHTPLEHHHHHH,1.41393590647,test,
MQYKLILNGKTLGETTTEAVDAATAEKVFKQYANDNGVDGEWTYDDATKTFTFTELEVLFQPLDPNSMATYEVCEVARKLGTDDREVVLFLLNVFIPQPTLAQLIGALRALKEEGRLTFPLLAECLFRAGRRDLLRDLLHLDPRFLERHLAGTMSYFSPYQLTVLHVDGELCARDIRSLIFLSKDTIGSRSTQTFLHWVYCMENLDLLGPTDVDALMSMLRSLSRVDLQRQVQTLMGLHLSGPSHSQHYRHTPLEHHHHHH,0.820788193905,train,
MQYKLILNKTLKGETTTEAVDAATAEKVFKQYANDNGVDGEWTYDDATTFTMTELEVLFQGPLPNSMATYEVLCEVARKLGTDDREVVLFLLNVFIPQPTLAQIGALRALKEEGRLTFPLLAECLFRAGRRDLLRDLLHLDPRFLERHLAGTMSYPYQLTVLHVDGELCARDIRSLIFLSKDTIGSRSTPQTFLHWVYCMENLDLLGPTDVDLMSMLRSLSRVDLQQVQTLMGLHLSGPSHSQHYRHTPLEHHHH,0.585648853727,train,True
