Variants,HD,Count input,Count selected,Fitness,sequence,keep,one_vs_rest,one_vs_rest_validation,two_vs_rest,two_vs_rest_validation,three_vs_rest,three_vs_rest_validation,sampled,sampled_validation,low_vs_high,low_vs_high_validation
VDGV,0,92735,338346,1.0,MQYLILNGKTLKGETTTEAVAATAEKVFKQYANDNGVDGEWTYDDATKTTVTELEVLFQGPLDPNMATYEVLCEVARKLGTDDREVVLFLLNVFIPQPTLAQLIGALRALKEEGRLTFPLLAELFRAGRRDLLRDLLHLDPRFLERHLAGTMSYFSPYQLTLHVDGELCARDIRSLIFLSKDTIGSRSTPQTFLHWVYCMENLDLLGPTDVDALMSMLRSLSRDLQRQVQTLMGLHLSGPSHSQHYRHTPLEHHHHHH,True,train,,train,,train,,train,,test,
ADGV,1,34,43,0.0619096557142,MQYKLILNGKTLKGTTTEAVDAATAEKVFKQYANDNGADGEWTYDDATKTFTVTELEVLFQGPLDPNSMATYEVLCEVARKLGTDDREVVLFLLNVFIPQPTLAQLIGALRALKEEGRLTFPLLAECLFRGRRDLLRDLLHLDPRFLERHLAGTMSYFSPYQLTVLHVDGELCARDIRSLIFLKDTIGSRSTPQTFLHWVYCMENLDLLGPTDVDALMSMLRSLSRVDLQRQVQTLMGLHLSGPSHSQHYRHTPLEHHHHHH,False,,,,,,,,,,
CDGV,1,850,641,0.242237277886,MQYKLILNGKTLKGETTTEAVDAATAEKVFKQYANDNGCDGEWTYDDATKTFTVTELEVLFQGPLDPNSMATYEVLCEVARKLGTDDREVVLFLLNVFIPQPTLAQLIGALRALKEEGRLTFPLLAECLFRAGRRDLLRDLLHLDPRFLERHLAGTMSYFSPYQLTVLHVDGECARDIRSLIFLSKDTIGSRSTPQTFLHWVYCMNLDLLGPTDVDALMSMLRSLSRVDLQRQVQTLMGLHLSGPSHSQHYRHTPLEHHHHHH,False,,,,,,,,,,
DDGV,1,63,63,0.00647208961971,MQYKLILNGKTLKGETTEAVDAATAEKVFKQYANDNGDDGEWTYDDATKTFTVTELEVLFQGPLDPNSMATYEVLCEVARKLGTDDREVVLFLLNVFIPQPTLAQLIGALRALKEEGRLTFPLLAECLFRAGRRDLLRDLLHLDPRFLERHLAGTMSYFSPYQLTVLHVDGELCARDIRSIFLSKDTIGSRSTPQTFLHWVYCMENLDLLGPTDVDALMSMLRSLSRVDLQRQVQTLMGLHLSGPSHSQHYRHTPLEHHHHHH,False,,,,,,,,,,
EDGV,1,841,190,0.0327191845926,MQYKLILNGKLKGETTTEAVDAATAEKVFKQYANDNGEDGEWTYDDATKTFTVTELEVLFQGPLDPNSMATYEVLCEVARKLGTDDREVVLFLLNVFIPQPTLAQLIGALRALKEEGRLTFPLLAECLFRAGRRDLLRDLLHLDPRFLERHLAGTMSYFSPYQLTVLHVDGELCARDIRSLIFLSKDTIGSRSTPQTFLHWVYCMENLDLLGPTDVDALMMLRSLSRVDLQRQVQTLMGLHLSGPSHSQHYRHTPLEHHHHHH,False,,,,,,,,,,
FDGV,1,136,161,0.377100728425,MQYKLILNGKTLKGETTTEAVDAATAEKVFKQYANDNGFDGEWTYDDATKTFTVTELELFQGPLDPNSMATYEVLCEVARKLGTDDREVVLFLLNVFIPQPTLAQLIGALRALKEEGRLTFPLLAECLFRAGRRDLLRDLLHLDPRFLERHLAGTMSYFSPYQLTVLHVDGELCARDIRSLIFLSKDTIGSRSTPQTFLHWVYCMENLDLLGPTDVDALMSMLRSLSRVDLQRQVQTLMGLHLSGPSHSQHYRHTPLEHHHHHH,False,,,,,,,,,,
GDGV,1,859,155,0.00829790573568,MQYKLILNGKTLKGETTTEAVDAATAEKVFKQYANDNGGDGEWTYDDATKTFTVTELEVLFQGPLDPNSMATYEVLCEVARKLGTDDREVVLFLLNVFIPQPTLAQLIGALRALKEEGRLTFPLLAECFRAGRRDLLRDLLHLDPRFLERHLAGTMSYFSPYQLTVLHVDGELCARDIRSLIFLSKDTIGSRSTPQTFLHWVYCMENLDLLGPTDVDALMSMLRSLSRVDLQRQVQTLMGLHLSGPSHSQHYRHTPLEHHHHHH,False,,,,,,,,,,
HDGV,1,452,60,0.0264798489707,MQYKLILNGKTLKGETTTEAVDAATAEKVFKQYANDNGHDGEWTYDDATKTFTVTELEVLFQGPLDPNSMATYEVLCEVARKLGTDDREVVLFLLNVFIPQPTLAQLIGALRALKEEGRLTFPLAECLFRAGRRDLLRDLLHLDPRFLERHLAGTMSYFSPYQLTVLHVDGELCARDIRSLIFLSKDTIGSRSTPQTFLHWVYCMENLDLLGPTDVDALMSMLRSLSRDLQRQVQTLMGLHSGPHSQHYRHTPLEHHHHHH,False,,,,,,,,,,
IDGV,1,405,1460,1.4459050863,MYKLILNGKTLKGTTTEAVDAATAEKVFKQANDNIDGEWTYDDATKTFTVTELEVLFQGPLDPNSMATYEVLCEVARKLGTDDREVVLFLLNVFIPQPTLAQLIGALRALKEEGRLTFPLLAECLFRAGRRDLLRDLLHLDPRFLERHLAGTMSYFSPYQLTVLHVDGELCARDIRSLIFSKDTIGSRSTPQTFLHWVYCMENLDLLGTVDALMSMLRSLSRVDLQRQVQTLMGLHLSGSHSQHYRHTPLEHHHHHH,True,train,,train,,train,,train,True,test,
KDGV,1,2585,323,0.0201606557734,MQYKLILNGKTLKGETTTEAVDAATAEKVFKQYANDNGKDGEWTYDDATKTFTVTELEVLFQGPLDPNSAYEVLCEVARKLGTDREVVLFLLNVFIPQPTLAQLIGALRALKEEGRLTFPLLAECLFRAGRRDLLRDLHLDPRFLERHGTMSYFSPYQTVLHVDGELCARDIRSLIFLSKDTIGSRSTPQTFLHWVYCMNLDLLGPTDVDALMSMLRSLSRVDLQRQVTLMGLHLSGPSHSQHYRHTPLEHHHHHH,False,,,,,,,,,,